system,code,valid_from,valid_to,iso3,basis
cow,2,,,USA,name
cow,20,,,CAN,name
cow,31,,,BHS,name
cow,40,,,CUB,name
cow,41,,,HTI,name
cow,42,,,DOM,name
cow,51,,,JAM,name
cow,52,,,TTO,name
cow,53,,,BRB,name
cow,54,,,DMA,name
cow,55,,,GRD,name
cow,56,,,LCA,name
cow,57,,,VCT,name
cow,58,,,ATG,name
cow,60,,,KNA,name
cow,70,,,MEX,name
cow,80,,,BLZ,name
cow,90,,,GTM,name
cow,91,,,HND,name
cow,92,,,SLV,name
cow,93,,,NIC,name
cow,94,,,CRI,name
cow,95,,,PAN,name
cow,100,,,COL,name
cow,101,,,VEN,name
cow,110,,,GUY,name
cow,115,,,SUR,name
cow,130,,,ECU,name
cow,135,,,PER,name
cow,140,,,BRA,name
cow,145,,,BOL,name
cow,150,,,PRY,name
cow,155,,,CHL,name
cow,160,,,ARG,name
cow,165,,,URY,name
cow,200,,,GBR,name
cow,205,,,IRL,name
cow,210,,,NLD,name
cow,211,,,BEL,name
cow,212,,,LUX,name
cow,220,,,FRA,name
cow,221,,,MCO,name
cow,223,,,LIE,name
cow,225,,,CHE,name
cow,230,,,ESP,name
cow,232,,,AND,name
cow,235,,,PRT,name
cow,240,,,,no_iso_code
cow,245,,,,no_iso_code
cow,255,,1945-05-09,DEU,territorial_continuity_pre_iso
cow,255,1990-10-03,,DEU,contemporaneous
cow,260,,1990-10-03,DEU,contemporaneous_iso_deu_denoted_frg
cow,265,,1990-10-03,DDR,contemporaneous
cow,267,,,,no_iso_code
cow,269,,,,no_iso_code
cow,271,,,,no_iso_code
cow,273,,,,no_iso_code
cow,275,,,,no_iso_code
cow,280,,,,no_iso_code
cow,290,,,POL,name
cow,300,,,,no_iso_code
cow,305,,,AUT,name
cow,310,,,HUN,name
cow,315,,1993-01-01,CSK,contemporaneous
cow,316,,,CZE,name
cow,317,,,SVK,name
cow,325,,,ITA,name
cow,327,,,,no_iso_code
cow,329,,,,no_iso_code
cow,331,,,SMR,name
cow,332,,,,no_iso_code
cow,335,,,,no_iso_code
cow,337,,,,no_iso_code
cow,338,,,MLT,name
cow,339,,,ALB,name
cow,341,,,MNE,name
cow,343,,,MKD,name
cow,344,,,HRV,name
cow,345,,2003-02-04,YUG,contemporaneous
cow,345,2003-02-04,2006-06-05,SCG,contemporaneous
cow,345,2006-06-05,,SRB,cow_code_continues_for_serbia
cow,346,,,BIH,name
cow,347,,,XKX,user_assigned_code_not_iso
cow,349,,,SVN,name
cow,350,,,GRC,name
cow,352,,,CYP,name
cow,355,,,BGR,name
cow,359,,,MDA,name
cow,360,,,ROU,name
cow,365,1922-12-30,1991-12-26,SUN,contemporaneous
cow,365,,1922-12-30,RUS,territorial_continuity_pre_iso
cow,365,1991-12-26,,RUS,contemporaneous
cow,366,,,EST,name
cow,367,,,LVA,name
cow,368,,,LTU,name
cow,369,,,UKR,name
cow,370,,,BLR,name
cow,371,,,ARM,name
cow,372,,,GEO,name
cow,373,,,AZE,name
cow,375,,,FIN,name
cow,380,,,SWE,name
cow,385,,,NOR,name
cow,390,,,DNK,name
cow,395,,,ISL,name
cow,402,,,CPV,name
cow,403,,,STP,name
cow,404,,,GNB,name
cow,411,,,GNQ,name
cow,420,,,GMB,name
cow,432,,,MLI,name
cow,433,,,SEN,name
cow,434,,,BEN,name
cow,435,,,MRT,name
cow,436,,,NER,name
cow,437,,,CIV,name
cow,438,,,GIN,name
cow,439,,,BFA,name
cow,450,,,LBR,name
cow,451,,,SLE,name
cow,452,,,GHA,name
cow,461,,,TGO,name
cow,471,,,CMR,name
cow,475,,,NGA,name
cow,481,,,GAB,name
cow,482,,,CAF,name
cow,483,,,TCD,name
cow,484,,,COG,name
cow,490,,,COD,name
cow,500,,,UGA,name
cow,501,,,KEN,name
cow,510,,,TZA,name
cow,511,,,,no_iso_code
cow,516,,,BDI,name
cow,517,,,RWA,name
cow,520,,,SOM,name
cow,522,,,DJI,name
cow,530,,,ETH,name
cow,531,,,ERI,name
cow,540,,,AGO,name
cow,541,,,MOZ,name
cow,551,,,ZMB,name
cow,552,,,ZWE,name
cow,553,,,MWI,name
cow,560,,,ZAF,name
cow,565,,,NAM,name
cow,570,,,LSO,name
cow,571,,,BWA,name
cow,572,,,SWZ,name
cow,580,,,MDG,name
cow,581,,,COM,name
cow,590,,,MUS,name
cow,591,,,SYC,name
cow,600,,,MAR,name
cow,615,,,DZA,name
cow,616,,,TUN,name
cow,620,,,LBY,name
cow,625,,,SDN,name
cow,626,,,SSD,name
cow,630,,,IRN,name
cow,640,,,TUR,name
cow,645,,,IRQ,name
cow,651,,,EGY,name
cow,652,,,SYR,name
cow,660,,,LBN,name
cow,663,,,JOR,name
cow,666,,,ISR,name
cow,670,,,SAU,name
cow,678,,,YEM,contemporaneous_iso_yem_denoted_north_yemen
cow,679,,,YEM,contemporaneous
cow,680,,,YMD,contemporaneous
cow,690,,,KWT,name
cow,692,,,BHR,name
cow,694,,,QAT,name
cow,696,,,ARE,name
cow,698,,,OMN,name
cow,700,,,AFG,name
cow,701,,,TKM,name
cow,702,,,TJK,name
cow,703,,,KGZ,name
cow,704,,,UZB,name
cow,705,,,KAZ,name
cow,710,,,CHN,name
cow,712,,,MNG,name
cow,713,,,TWN,name
cow,730,,,,no_iso_code
cow,731,,,PRK,name
cow,732,,,KOR,name
cow,740,,,JPN,name
cow,750,,,IND,name
cow,760,,,BTN,name
cow,770,,,PAK,name
cow,771,,,BGD,name
cow,775,,1989-06-18,BUR,contemporaneous
cow,775,1989-06-18,,MMR,contemporaneous
cow,780,,,LKA,name
cow,781,,,MDV,name
cow,790,,,NPL,name
cow,800,,,THA,name
cow,811,,,KHM,name
cow,812,,,LAO,name
cow,816,,1976-07-02,VDR,contemporaneous
cow,816,1976-07-02,,VNM,contemporaneous
cow,817,,,,no_unambiguous_iso_code
cow,820,,,MYS,name
cow,830,,,SGP,name
cow,835,,,BRN,name
cow,840,,,PHL,name
cow,850,,,IDN,name
cow,860,,,TLS,name
cow,900,,,AUS,name
cow,910,,,PNG,name
cow,920,,,NZL,name
cow,935,,,VUT,name
cow,940,,,SLB,name
cow,946,,,KIR,name
cow,947,,,TUV,name
cow,950,,,FJI,name
cow,955,,,TON,name
cow,970,,,NRU,name
cow,983,,,MHL,name
cow,986,,,PLW,name
cow,987,,,FSM,name
cow,990,,,WSM,name
gw,2,,,USA,name
gw,20,,,CAN,name
gw,31,,,BHS,name
gw,40,,,CUB,name
gw,41,,,HTI,name
gw,42,,,DOM,name
gw,51,,,JAM,name
gw,52,,,TTO,name
gw,53,,,BRB,name
gw,70,,,MEX,name
gw,80,,,BLZ,name
gw,89,,,,no_iso_code
gw,90,,,GTM,name
gw,91,,,HND,name
gw,92,,,SLV,name
gw,93,,,NIC,name
gw,94,,,CRI,name
gw,95,,,PAN,name
gw,99,,,,no_iso_code
gw,100,,,COL,name
gw,101,,,VEN,name
gw,110,,,GUY,name
gw,115,,,SUR,name
gw,130,,,ECU,name
gw,135,,,PER,name
gw,140,,,BRA,name
gw,145,,,BOL,name
gw,150,,,PRY,name
gw,155,,,CHL,name
gw,160,,,ARG,name
gw,165,,,URY,name
gw,200,,,GBR,name
gw,205,,,IRL,name
gw,210,,,NLD,name
gw,211,,,BEL,name
gw,212,,,LUX,name
gw,220,,,FRA,name
gw,225,,,CHE,name
gw,230,,,ESP,name
gw,235,,,PRT,name
gw,240,,,,no_iso_code
gw,245,,,,no_iso_code
gw,255,,1945-05-09,DEU,territorial_continuity_pre_iso
gw,260,,,DEU,gw_260_continues_as_unified_germany
gw,265,,,DDR,contemporaneous
gw,267,,,,no_iso_code
gw,269,,,,no_iso_code
gw,271,,,,no_iso_code
gw,273,,,,no_iso_code
gw,275,,,,no_iso_code
gw,280,,,,no_iso_code
gw,290,,,POL,name
gw,300,,,,no_iso_code
gw,305,,,AUT,name
gw,310,,,HUN,name
gw,315,,1993-01-01,CSK,contemporaneous
gw,316,,,CZE,name
gw,317,,,SVK,name
gw,325,,,ITA,name
gw,327,,,,no_iso_code
gw,329,,,,no_iso_code
gw,332,,,,no_iso_code
gw,335,,,,no_iso_code
gw,337,,,,no_iso_code
gw,338,,,MLT,name
gw,339,,,ALB,name
gw,341,,,MNE,name
gw,343,,,MKD,name
gw,344,,,HRV,name
gw,340,2006-06-05,,SRB,contemporaneous
gw,340,,1915-10-02,,no_iso_code
gw,345,,2003-02-04,YUG,contemporaneous
gw,345,2003-02-04,,SCG,contemporaneous
gw,346,,,BIH,name
gw,347,,,XKX,user_assigned_code_not_iso
gw,349,,,SVN,name
gw,350,,,GRC,name
gw,352,,,CYP,name
gw,355,,,BGR,name
gw,359,,,MDA,name
gw,360,,,ROU,name
gw,365,1922-12-30,1991-12-26,SUN,contemporaneous
gw,365,,1922-12-30,RUS,territorial_continuity_pre_iso
gw,365,1991-12-26,,RUS,contemporaneous
gw,366,,,EST,name
gw,367,,,LVA,name
gw,368,,,LTU,name
gw,369,,,UKR,name
gw,370,,,BLR,name
gw,371,,,ARM,name
gw,372,,,GEO,name
gw,373,,,AZE,name
gw,375,,,FIN,name
gw,380,,,SWE,name
gw,385,,,NOR,name
gw,390,,,DNK,name
gw,395,,,ISL,name
gw,402,,,CPV,name
gw,404,,,GNB,name
gw,411,,,GNQ,name
gw,420,,,GMB,name
gw,432,,,MLI,name
gw,433,,,SEN,name
gw,434,,,BEN,name
gw,435,,,MRT,name
gw,436,,,NER,name
gw,437,,,CIV,name
gw,438,,,GIN,name
gw,439,,,BFA,name
gw,450,,,LBR,name
gw,451,,,SLE,name
gw,452,,,GHA,name
gw,461,,,TGO,name
gw,471,,,CMR,name
gw,475,,,NGA,name
gw,481,,,GAB,name
gw,482,,,CAF,name
gw,483,,,TCD,name
gw,484,,,COG,name
gw,490,,,COD,name
gw,500,,,UGA,name
gw,501,,,KEN,name
gw,510,,,TZA,name
gw,511,,,,no_iso_code
gw,516,,,BDI,name
gw,517,,,RWA,name
gw,520,,,SOM,name
gw,522,,,DJI,name
gw,530,,,ETH,name
gw,531,,,ERI,name
gw,540,,,AGO,name
gw,541,,,MOZ,name
gw,551,,,ZMB,name
gw,552,,,ZWE,name
gw,553,,,MWI,name
gw,560,,,ZAF,name
gw,563,,,,no_iso_code
gw,564,,,,no_iso_code
gw,565,,,NAM,name
gw,570,,,LSO,name
gw,571,,,BWA,name
gw,572,,,SWZ,name
gw,580,,,MDG,name
gw,581,,,COM,name
gw,590,,,MUS,name
gw,600,,,MAR,name
gw,615,,,DZA,name
gw,616,,,TUN,name
gw,620,,,LBY,name
gw,625,,,SDN,name
gw,626,,,SSD,name
gw,630,,,IRN,name
gw,640,,,TUR,name
gw,645,,,IRQ,name
gw,651,,,EGY,name
gw,652,,,SYR,name
gw,660,,,LBN,name
gw,663,,,JOR,name
gw,666,,,ISR,name
gw,670,,,SAU,name
gw,678,,,YEM,contemporaneous_iso_yem_denoted_north_yemen
gw,680,,,YMD,contemporaneous
gw,690,,,KWT,name
gw,692,,,BHR,name
gw,694,,,QAT,name
gw,696,,,ARE,name
gw,698,,,OMN,name
gw,700,,,AFG,name
gw,701,,,TKM,name
gw,702,,,TJK,name
gw,703,,,KGZ,name
gw,704,,,UZB,name
gw,705,,,KAZ,name
gw,710,,,CHN,name
gw,711,,,,no_iso_code
gw,712,,,MNG,name
gw,713,,,TWN,name
gw,730,,,,no_iso_code
gw,731,,,PRK,name
gw,732,,,KOR,name
gw,740,,,JPN,name
gw,750,,,IND,name
gw,760,,,BTN,name
gw,770,,,PAK,name
gw,771,,,BGD,name
gw,775,,1989-06-18,BUR,contemporaneous
gw,775,1989-06-18,,MMR,contemporaneous
gw,780,,,LKA,name
gw,781,,,MDV,name
gw,790,,,NPL,name
gw,800,,,THA,name
gw,811,,,KHM,name
gw,812,,,LAO,name
gw,815,,,,no_iso_code
gw,816,,1976-07-02,VDR,contemporaneous
gw,816,1976-07-02,,VNM,contemporaneous
gw,817,,,,no_unambiguous_iso_code
gw,820,,,MYS,name
gw,830,,,SGP,name
gw,835,,,BRN,name
gw,840,,,PHL,name
gw,850,,,IDN,name
gw,860,,,TLS,name
gw,900,,,AUS,name
gw,910,,,PNG,name
gw,920,,,NZL,name
gw,940,,,SLB,name
gw,950,,,FJI,name
gw,54,,,DMA,name
gw,55,,,GRD,name
gw,56,,,LCA,name
gw,57,,,VCT,name
gw,58,,,ATG,name
gw,60,,,KNA,name
gw,221,,,MCO,name
gw,223,,,LIE,name
gw,331,,,SMR,name
gw,232,,,AND,name
gw,396,,,,no_iso_code
gw,397,,,,no_iso_code
gw,403,,,STP,name
gw,591,,,SYC,name
gw,935,,,VUT,name
gw,970,,,KIR,name
gw,971,,,NRU,name
gw,972,,,TON,name
gw,973,,,TUV,name
gw,983,,,MHL,name
gw,986,,,PLW,name
gw,987,,,FSM,name
gw,990,,,WSM,name
